"99;_lmT4WlK7G0_00092.mp4";48
;
"100;_lmT4WlK7G0_00095.mp4";62
;
"101;_lmT4WlK7G0_00096.mp4";134
;
"102;_lmT4WlK7G0_00097.mp4";68
;
"103;_lmT4WlK7G0_00098.mp4";76
;
"104;_lmT4WlK7G0_00099.mp4";159
;
"105;_lmT4WlK7G0_00101.mp4";81
;
"106;_lmT4WlK7G0_00102.mp4";129
;
"107;_lmT4WlK7G0_00104.mp4";36
;
"108;_lmT4WlK7G0_00105.mp4";114
;
"109;_lmT4WlK7G0_00108.mp4";
;
"110;_lmT4WlK7G0_00110.mp4";127
;
"111;_lmT4WlK7G0_00111.mp4";82
;
"112;_lmT4WlK7G0_00113.mp4";29
;
"113;_lmT4WlK7G0_00114.mp4";122
;
"114;_lmT4WlK7G0_00115.mp4";67
;
"115;_lmT4WlK7G0_00116.mp4";137
;
"116;_lmT4WlK7G0_00117.mp4";163
;
"117;_lmT4WlK7G0_00119.mp4";136
;
"118;_lmT4WlK7G0_00120.mp4";140
;
"119;_lmT4WlK7G0_00122.mp4";
;
"120;_lmT4WlK7G0_00123.mp4";30
;
"121;_lmT4WlK7G0_00124.mp4";64
;
"122;_tigfCJFLZg_00000.mp4";31
;
"123;_tigfCJFLZg_00001.mp4";97
;
"124;_tigfCJFLZg_00003.mp4";64
;
"125;_tigfCJFLZg_00005.mp4";113
;
"126;_tigfCJFLZg_00009.mp4";73
;
"127;_tigfCJFLZg_00010.mp4";45
;
"128;_tigfCJFLZg_00012.mp4";118
;
"129;_tigfCJFLZg_00013.mp4";42
;
"130;_tigfCJFLZg_00014.mp4";120
;
"131;_tigfCJFLZg_00018.mp4";7
;
"132;_tigfCJFLZg_00019.mp4";134
;
"133;_tigfCJFLZg_00021.mp4";41
;
"134;_tigfCJFLZg_00022.mp4";114
;
"135;_tigfCJFLZg_00024.mp4";101
;
"136;_tigfCJFLZg_00025.mp4";140
;
"137;_tigfCJFLZg_00028.mp4";67
;
"138;_tigfCJFLZg_00029.mp4";132
;
"139;_tigfCJFLZg_00031.mp4";57
;
"140;_tigfCJFLZg_00032.mp4";143
;
"141;_tigfCJFLZg_00037.mp4";44
;
"142;_tigfCJFLZg_00038.mp4";121
;
"143;_tigfCJFLZg_00040.mp4";55
;
"144;_tigfCJFLZg_00041.mp4";128
;
"145;_tigfCJFLZg_00043.mp4";78
;
"146;_tigfCJFLZg_00044.mp4";83
;
"147;_tigfCJFLZg_00045.mp4";149
;
"148;_tigfCJFLZg_00048.mp4";130
;
"149;_tigfCJFLZg_00049.mp4";117
;
"150;_tigfCJFLZg_00051.mp4";50
;
"151;_tigfCJFLZg_00054.mp4";78
;
"152;_tigfCJFLZg_00055.mp4";128
;
"153;_tigfCJFLZg_00057.mp4";73
;
"154;_tigfCJFLZg_00058.mp4";122
;
"155;_tigfCJFLZg_00060.mp4";24
;
"156;_tigfCJFLZg_00061.mp4";122
;
"157;_tigfCJFLZg_00062.mp4";52
;
"158;_tigfCJFLZg_00063.mp4";62
;
"159;_tigfCJFLZg_00064.mp4";130
;
"160;_tigfCJFLZg_00066.mp4";48
;
"161;_tigfCJFLZg_00067.mp4";116
;
"162;_tigfCJFLZg_00069.mp4";44
;
"163;_tigfCJFLZg_00070.mp4";124
;
"164;_tigfCJFLZg_00073.mp4";69
;
"165;_tigfCJFLZg_00074.mp4";110
;
"166;_tigfCJFLZg_00076.mp4";23
;
"167;_tigfCJFLZg_00077.mp4";99
;
"168;_tigfCJFLZg_00080.mp4";137
;
"169;_tigfCJFLZg_00082.mp4";116
;
"170;_tigfCJFLZg_00083.mp4";150
;
"171;_tigfCJFLZg_00085.mp4";75
;
"172;_tigfCJFLZg_00086.mp4";131
;
"173;_tigfCJFLZg_00088.mp4";39
;
"174;_tigfCJFLZg_00089.mp4";132
;
"175;_tigfCJFLZg_00092.mp4";35
;
"176;_tigfCJFLZg_00093.mp4";100
;
"177;_tigfCJFLZg_00095.mp4";90
;
"178;_tigfCJFLZg_00098.mp4";48
;
"179;_tigfCJFLZg_00099.mp4";115
;
"180;_tigfCJFLZg_00102.mp4";71
;
"181;_tigfCJFLZg_00103.mp4";124
;
"182;_tigfCJFLZg_00105.mp4";65
;
"183;_tigfCJFLZg_00106.mp4";26
;
"184;_tigfCJFLZg_00107.mp4";71
;
"185;_tigfCJFLZg_00109.mp4";102
;
"186;_tigfCJFLZg_00113.mp4";
;
"187;_tigfCJFLZg_00114.mp4";
;56
"188;_tigfCJFLZg_00117.mp4";120
;
"189;_tigfCJFLZg_00118.mp4";165
;
"190;_tigfCJFLZg_00120.mp4";43
;
"191;_tigfCJFLZg_00121.mp4";124
;
"192;_tigfCJFLZg_00123.mp4";101
;
"193;_tigfCJFLZg_00124.mp4";165
;
"194;_tigfCJFLZg_00126.mp4";69
;
"195;_tigfCJFLZg_00127.mp4";127
;
"196;_tigfCJFLZg_00129.mp4";51
;
"197;_tigfCJFLZg_00130.mp4";119
;
"198;_tigfCJFLZg_00132.mp4";34
;
"199;_tigfCJFLZg_00133.mp4";95
