Video_Name,Problem
_lmT4WlK7G0_00000.mp4,Doppelspringer
_lmT4WlK7G0_00001.mp4,Doppelspringer
_lmT4WlK7G0_00003.mp4,Doppelspringer
_lmT4WlK7G0_00006.mp4,Doppelspringer
_lmT4WlK7G0_00007.mp4,Doppelspringer
_lmT4WlK7G0_00008.mp4,Doppelspringer
_lmT4WlK7G0_00009.mp4,Doppelspringer
_lmT4WlK7G0_00010.mp4,Doppelspringer
_lmT4WlK7G0_00013.mp4,Doppelspringer
_lmT4WlK7G0_00014.mp4,Doppelspringer
_lmT4WlK7G0_00015.mp4,Doppelspringer
_lmT4WlK7G0_00016.mp4,Doppelspringer
_lmT4WlK7G0_00017.mp4,Doppelspringer
_lmT4WlK7G0_00018.mp4,Doppelspringer
_lmT4WlK7G0_00020.mp4,Doppelspringer
_lmT4WlK7G0_00021.mp4,Doppelspringer
_lmT4WlK7G0_00024.mp4,Doppelspringer
_lmT4WlK7G0_00026.mp4,Doppelspringer
_lmT4WlK7G0_00027.mp4,Doppelspringer
_lmT4WlK7G0_00030.mp4,Doppelspringer
_lmT4WlK7G0_00033.mp4,Doppelspringer
_lmT4WlK7G0_00034.mp4,Doppelspringer
_lmT4WlK7G0_00036.mp4,Doppelspringer
_lmT4WlK7G0_00037.mp4,Doppelspringer
_lmT4WlK7G0_00039.mp4,Doppelspringer
_lmT4WlK7G0_00040.mp4,Doppelspringer
_lmT4WlK7G0_00042.mp4,Doppelspringer
_lmT4WlK7G0_00043.mp4,Doppelspringer
_lmT4WlK7G0_00044.mp4,Doppelspringer
_lmT4WlK7G0_00048.mp4,Doppelspringer
_lmT4WlK7G0_00049.mp4,Doppelspringer
_lmT4WlK7G0_00051.mp4,Doppelspringer
_lmT4WlK7G0_00052.mp4,Doppelspringer
_lmT4WlK7G0_00054.mp4,Doppelspringer
_lmT4WlK7G0_00055.mp4,Doppelspringer
_lmT4WlK7G0_00057.mp4,Doppelspringer
_lmT4WlK7G0_00058.mp4,Doppelspringer
_lmT4WlK7G0_00060.mp4,Doppelspringer
_lmT4WlK7G0_00061.mp4,Doppelspringer
_lmT4WlK7G0_00062.mp4,Doppelspringer
_lmT4WlK7G0_00063.mp4,Doppelspringer
_lmT4WlK7G0_00064.mp4,Doppelspringer
_lmT4WlK7G0_00066.mp4,Doppelspringer
_lmT4WlK7G0_00067.mp4,Doppelspringer
_lmT4WlK7G0_00069.mp4,Doppelspringer
_lmT4WlK7G0_00070.mp4,Doppelspringer
_lmT4WlK7G0_00072.mp4,Doppelspringer
_lmT4WlK7G0_00073.mp4,Doppelspringer
_lmT4WlK7G0_00076.mp4,Doppelspringer
_lmT4WlK7G0_00077.mp4,Doppelspringer
_lmT4WlK7G0_00078.mp4,Doppelspringer
_lmT4WlK7G0_00079.mp4,Doppelspringer
_lmT4WlK7G0_00082.mp4,Doppelspringer
_lmT4WlK7G0_00083.mp4,Doppelspringer
_lmT4WlK7G0_00085.mp4,Doppelspringer
_lmT4WlK7G0_00086.mp4,Doppelspringer
_lmT4WlK7G0_00087.mp4,Doppelspringer
_lmT4WlK7G0_00088.mp4,Doppelspringer
_lmT4WlK7G0_00089.mp4,Doppelspringer
_lmT4WlK7G0_00092.mp4,Doppelspringer
_lmT4WlK7G0_00095.mp4,Doppelspringer
_lmT4WlK7G0_00096.mp4,Doppelspringer
_lmT4WlK7G0_00097.mp4,Doppelspringer
_lmT4WlK7G0_00098.mp4,Doppelspringer
_lmT4WlK7G0_00099.mp4,Doppelspringer
_lmT4WlK7G0_00101.mp4,Doppelspringer
_lmT4WlK7G0_00102.mp4,Doppelspringer
_lmT4WlK7G0_00104.mp4,Doppelspringer
_lmT4WlK7G0_00105.mp4,Doppelspringer
_lmT4WlK7G0_00108.mp4,Doppelspringer
_lmT4WlK7G0_00110.mp4,Doppelspringer
_lmT4WlK7G0_00111.mp4,Doppelspringer
_lmT4WlK7G0_00113.mp4,Doppelspringer
_lmT4WlK7G0_00114.mp4,Doppelspringer
_lmT4WlK7G0_00115.mp4,Doppelspringer
_lmT4WlK7G0_00116.mp4,Doppelspringer
_lmT4WlK7G0_00117.mp4,Doppelspringer
_lmT4WlK7G0_00119.mp4,Doppelspringer
_lmT4WlK7G0_00120.mp4,Doppelspringer
_lmT4WlK7G0_00122.mp4,Doppelspringer
_lmT4WlK7G0_00123.mp4,Doppelspringer
_lmT4WlK7G0_00124.mp4,Doppelspringer
_8Vy3dlHg2w_00132.mp4,Doppelspringer
_tigfCJFLZg_00009.mp4,Schiefe Ansicht
_tigfCJFLZg_00043.mp4,Schiefe Ansicht
_tigfCJFLZg_00062.mp4,Schiefe Ansicht
_tigfCJFLZg_00105.mp4,Schiefe Ansicht
_tigfCJFLZg_00113.mp4,Rückenlandung
_tigfCJFLZg_00150.mp4,Schiefe Ansicht
_tigfCJFLZg_00189.mp4,Schiefe Ansicht
_tigfCJFLZg_00221.mp4,Video Kaputt
_tigfCJFLZg_00223.mp4,Schiefe Ansicht
_tigfCJFLZg_00232.mp4,Zu nahe
_tigfCJFLZg_00260.mp4,Schiefe Ansicht
_tigfCJFLZg_00272.mp4,Schiefe Ansicht
_tigfCJFLZg_00303.mp4,Schiefe Ansicht
_tigfCJFLZg_00319.mp4,Schiefe Ansicht
_tigfCJFLZg_00326.mp4,Anfang Frontansicht
_tigfCJFLZg_00328.mp4,Zu nahe
_tigfCJFLZg_00337.mp4,Anfang Frontansicht
_tigfCJFLZg_00342.mp4,Schiefe Ansicht
_tigfCJFLZg_00358.mp4,Schiefe Ansicht
_tigfCJFLZg_00361.mp4,Zu nahe
_tigfCJFLZg_00381.mp4,Zu nahe
_tigfCJFLZg_00385.mp4,Anfang Frontansicht
_tigfCJFLZg_00408.mp4,Zu nahe
_tigfCJFLZg_00430.mp4,Schiefe Ansicht
_tigfCJFLZg_00431.mp4,Wasser wird nicht erreicht
_tigfCJFLZg_00433.mp4,Wasser wird nicht erreicht
